#PDB ID holo receptor	Peptide Length	PDB ID apo receptor a	Resolution (Ã…)	Sequence b	Identifier
3wne	6	5jl4	1.70	PKIDNG	10.2210/pdb3WNE/pdb
3zgc	7	1u6d	2.20	GDEETGE	10.2210/pdb3ZGC/pdb
3av9	8	5jl4	1.70	SAKIDNLD	10.2210/pdb3AV9/pdb
3ava	8	5jl4	1.70	ALKIDNLD	10.2210/pdb3AVA/pdb
3avb	8	5jl4	1.85	SLKIDNLD	10.2210/pdb3AVB/pdb
3avf	8	5jl4	1.70	DLKIDNLD	10.2210/pdb3AVF/pdb
3avg	8	5jl4	1.70	ADKIDNLD	10.2210/pdb3AVG/pdb
3avh	8	5jl4	1.88	ARKIDNLD	10.2210/pdb3AVH/pdb
3avi	8	5jl4	1.70	SLKIDNMD	10.2210/pdb3AVI/pdb
3avj	8	5jl4	1.70	ALKIDNMD	10.2210/pdb3AVJ/pdb
3avk	8	5jl4	1.75	SLKIDNED	10.2210/pdb3AVK/pdb
3avm	8	5jl4	1.88	SRKIDNLD	10.2210/pdb3AVM/pdb
3avn	8	5jl4	2.10	SHKIDNLD	10.2210/pdb3AVN/pdb
5xn3	8	-	1.34	RGDINNNV	10.2210/pdb5XN3/pdb
1sfi	14	1tld	1.65	GRCTKSIPPICFPD	10.2210/pdb1SFI/pdb
3p8f	14	4is5	2.00	GRCTKSIPPICFPD	10.2210/pdb3P8F/pdb
4k1e	14	4kga	1.30	GFCQRSIPPICFPD	10.2210/pdb4K1E/pdb
4kel	14	4kga	1.15	GFCQRSIPPICFPN	10.2210/pdb4KEL/pdb

